state,region,year,month,month_name,period,consumption_mu
Delhi,Northern,2019,1,Jan,Jan-2019,2118.99
Delhi,Northern,2019,2,Feb,Feb-2019,2031.92
Delhi,Northern,2019,3,Mar,Mar-2019,2247.33
Delhi,Northern,2019,4,Apr,Apr-2019,2867.16
Delhi,Northern,2019,5,May,May-2019,2962.08
Delhi,Northern,2019,6,Jun,Jun-2019,2992.53
Delhi,Northern,2019,7,Jul,Jul-2019,2346.19
Delhi,Northern,2019,8,Aug,Aug-2019,2282.52
Delhi,Northern,2019,9,Sep,Sep-2019,2107.89
Delhi,Northern,2019,10,Oct,Oct-2019,2083.78
Delhi,Northern,2019,11,Nov,Nov-2019,2091.04
Delhi,Northern,2019,12,Dec,Dec-2019,2184.58
Delhi,Northern,2020,1,Jan,Jan-2020,2191.03
Delhi,Northern,2020,2,Feb,Feb-2020,2166.21
Delhi,Northern,2020,3,Mar,Mar-2020,1983.05
Delhi,Northern,2020,4,Apr,Apr-2020,1690.3
Delhi,Northern,2020,5,May,May-2020,2056.67
Delhi,Northern,2020,6,Jun,Jun-2020,2237.89
Delhi,Northern,2020,7,Jul,Jul-2020,2130.36
Delhi,Northern,2020,8,Aug,Aug-2020,2149.33
Delhi,Northern,2020,9,Sep,Sep-2020,2155.87
Delhi,Northern,2020,10,Oct,Oct-2020,2087.53
Delhi,Northern,2020,11,Nov,Nov-2020,2208.23
Delhi,Northern,2020,12,Dec,Dec-2020,2271.85
Haryana,Northern,2019,1,Jan,Jan-2019,3682.35
Haryana,Northern,2019,2,Feb,Feb-2019,3478.2
Haryana,Northern,2019,3,Mar,Mar-2019,3792.41
Haryana,Northern,2019,4,Apr,Apr-2019,4719.04
Haryana,Northern,2019,5,May,May-2019,5090.57
Haryana,Northern,2019,6,Jun,Jun-2019,5036.51
Haryana,Northern,2019,7,Jul,Jul-2019,4048.6
Haryana,Northern,2019,8,Aug,Aug-2019,3984.72
Haryana,Northern,2019,9,Sep,Sep-2019,3685.08
Haryana,Northern,2019,10,Oct,Oct-2019,3581.94
Haryana,Northern,2019,11,Nov,Nov-2019,3654.54
Haryana,Northern,2019,12,Dec,Dec-2019,3631.64
Haryana,Northern,2020,1,Jan,Jan-2020,3690.17
Haryana,Northern,2020,2,Feb,Feb-2020,3686.55
Haryana,Northern,2020,3,Mar,Mar-2020,3394.64
Haryana,Northern,2020,4,Apr,Apr-2020,3030.57
Haryana,Northern,2020,5,May,May-2020,3548.61
Haryana,Northern,2020,6,Jun,Jun-2020,4048.29
Haryana,Northern,2020,7,Jul,Jul-2020,3667.29
Haryana,Northern,2020,8,Aug,Aug-2020,3651.49
Haryana,Northern,2020,9,Sep,Sep-2020,3746.03
Haryana,Northern,2020,10,Oct,Oct-2020,3707.45
Haryana,Northern,2020,11,Nov,Nov-2020,3708.15
Haryana,Northern,2020,12,Dec,Dec-2020,3807.04
Himachal Pradesh,Northern,2019,1,Jan,Jan-2019,690.11
Himachal Pradesh,Northern,2019,2,Feb,Feb-2019,653.37
Himachal Pradesh,Northern,2019,3,Mar,Mar-2019,687.4
Himachal Pradesh,Northern,2019,4,Apr,Apr-2019,798.87
Himachal Pradesh,Northern,2019,5,May,May-2019,897.18
Himachal Pradesh,Northern,2019,6,Jun,Jun-2019,853.61
Himachal Pradesh,Northern,2019,7,Jul,Jul-2019,744.05
Himachal Pradesh,Northern,2019,8,Aug,Aug-2019,726.03
Himachal Pradesh,Northern,2019,9,Sep,Sep-2019,684.31
Himachal Pradesh,Northern,2019,10,Oct,Oct-2019,667.74
Himachal Pradesh,Northern,2019,11,Nov,Nov-2019,675.15
Himachal Pradesh,Northern,2019,12,Dec,Dec-2019,681.35
Himachal Pradesh,Northern,2020,1,Jan,Jan-2020,718.5
Himachal Pradesh,Northern,2020,2,Feb,Feb-2020,694.64
Himachal Pradesh,Northern,2020,3,Mar,Mar-2020,646.14
Himachal Pradesh,Northern,2020,4,Apr,Apr-2020,546.9
Himachal Pradesh,Northern,2020,5,May,May-2020,635.93
Himachal Pradesh,Northern,2020,6,Jun,Jun-2020,693.08
Himachal Pradesh,Northern,2020,7,Jul,Jul-2020,678.2
Himachal Pradesh,Northern,2020,8,Aug,Aug-2020,677.59
Himachal Pradesh,Northern,2020,9,Sep,Sep-2020,660.65
Himachal Pradesh,Northern,2020,10,Oct,Oct-2020,670.0
Himachal Pradesh,Northern,2020,11,Nov,Nov-2020,692.88
Himachal Pradesh,Northern,2020,12,Dec,Dec-2020,722.79
Jammu & Kashmir,Northern,2019,1,Jan,Jan-2019,908.97
Jammu & Kashmir,Northern,2019,2,Feb,Feb-2019,856.85
Jammu & Kashmir,Northern,2019,3,Mar,Mar-2019,876.15
Jammu & Kashmir,Northern,2019,4,Apr,Apr-2019,1034.57
Jammu & Kashmir,Northern,2019,5,May,May-2019,1109.29
Jammu & Kashmir,Northern,2019,6,Jun,Jun-2019,1086.86
Jammu & Kashmir,Northern,2019,7,Jul,Jul-2019,948.23
Jammu & Kashmir,Northern,2019,8,Aug,Aug-2019,933.64
Jammu & Kashmir,Northern,2019,9,Sep,Sep-2019,890.7
Jammu & Kashmir,Northern,2019,10,Oct,Oct-2019,850.2
Jammu & Kashmir,Northern,2019,11,Nov,Nov-2019,916.73
Jammu & Kashmir,Northern,2019,12,Dec,Dec-2019,891.28
Jammu & Kashmir,Northern,2020,1,Jan,Jan-2020,900.92
Jammu & Kashmir,Northern,2020,2,Feb,Feb-2020,885.0
Jammu & Kashmir,Northern,2020,3,Mar,Mar-2020,841.98
Jammu & Kashmir,Northern,2020,4,Apr,Apr-2020,696.41
Jammu & Kashmir,Northern,2020,5,May,May-2020,798.03
Jammu & Kashmir,Northern,2020,6,Jun,Jun-2020,887.25
Jammu & Kashmir,Northern,2020,7,Jul,Jul-2020,854.24
Jammu & Kashmir,Northern,2020,8,Aug,Aug-2020,894.27
Jammu & Kashmir,Northern,2020,9,Sep,Sep-2020,872.56
Jammu & Kashmir,Northern,2020,10,Oct,Oct-2020,859.34
Jammu & Kashmir,Northern,2020,11,Nov,Nov-2020,908.8
Jammu & Kashmir,Northern,2020,12,Dec,Dec-2020,955.05
Punjab,Northern,2019,1,Jan,Jan-2019,3889.44
Punjab,Northern,2019,2,Feb,Feb-2019,3741.78
Punjab,Northern,2019,3,Mar,Mar-2019,4103.74
Punjab,Northern,2019,4,Apr,Apr-2019,5559.52
Punjab,Northern,2019,5,May,May-2019,5938.09
Punjab,Northern,2019,6,Jun,Jun-2019,5621.06
Punjab,Northern,2019,7,Jul,Jul-2019,4348.05
Punjab,Northern,2019,8,Aug,Aug-2019,4404.6
Punjab,Northern,2019,9,Sep,Sep-2019,4184.84
Punjab,Northern,2019,10,Oct,Oct-2019,4041.92
Punjab,Northern,2019,11,Nov,Nov-2019,3952.54
Punjab,Northern,2019,12,Dec,Dec-2019,3952.46
Punjab,Northern,2020,1,Jan,Jan-2020,3987.72
Punjab,Northern,2020,2,Feb,Feb-2020,4094.41
Punjab,Northern,2020,3,Mar,Mar-2020,3809.59
Punjab,Northern,2020,4,Apr,Apr-2020,3306.18
Punjab,Northern,2020,5,May,May-2020,3944.39
Punjab,Northern,2020,6,Jun,Jun-2020,4459.17
Punjab,Northern,2020,7,Jul,Jul-2020,3932.93
Punjab,Northern,2020,8,Aug,Aug-2020,4172.8
Punjab,Northern,2020,9,Sep,Sep-2020,4124.56
Punjab,Northern,2020,10,Oct,Oct-2020,4078.37
Punjab,Northern,2020,11,Nov,Nov-2020,4027.05
Punjab,Northern,2020,12,Dec,Dec-2020,4207.42
Rajasthan,Northern,2019,1,Jan,Jan-2019,6627.84
Rajasthan,Northern,2019,2,Feb,Feb-2019,6509.2
Rajasthan,Northern,2019,3,Mar,Mar-2019,6825.47
Rajasthan,Northern,2019,4,Apr,Apr-2019,9165.47
Rajasthan,Northern,2019,5,May,May-2019,9598.54
Rajasthan,Northern,2019,6,Jun,Jun-2019,9455.34
Rajasthan,Northern,2019,7,Jul,Jul-2019,7274.97
Rajasthan,Northern,2019,8,Aug,Aug-2019,6987.71
Rajasthan,Northern,2019,9,Sep,Sep-2019,6696.76
Rajasthan,Northern,2019,10,Oct,Oct-2019,6684.97
Rajasthan,Northern,2019,11,Nov,Nov-2019,6534.49
Rajasthan,Northern,2019,12,Dec,Dec-2019,6909.79
Rajasthan,Northern,2020,1,Jan,Jan-2020,6904.95
Rajasthan,Northern,2020,2,Feb,Feb-2020,6660.39
Rajasthan,Northern,2020,3,Mar,Mar-2020,6409.73
Rajasthan,Northern,2020,4,Apr,Apr-2020,5603.77
Rajasthan,Northern,2020,5,May,May-2020,7016.82
Rajasthan,Northern,2020,6,Jun,Jun-2020,7571.23
Rajasthan,Northern,2020,7,Jul,Jul-2020,6807.26
Rajasthan,Northern,2020,8,Aug,Aug-2020,6644.31
Rajasthan,Northern,2020,9,Sep,Sep-2020,6767.42
Rajasthan,Northern,2020,10,Oct,Oct-2020,6707.29
Rajasthan,Northern,2020,11,Nov,Nov-2020,6978.99
Rajasthan,Northern,2020,12,Dec,Dec-2020,7051.13
Uttar Pradesh,Northern,2019,1,Jan,Jan-2019,9933.97
Uttar Pradesh,Northern,2019,2,Feb,Feb-2019,9597.41
Uttar Pradesh,Northern,2019,3,Mar,Mar-2019,10393.89
Uttar Pradesh,Northern,2019,4,Apr,Apr-2019,13423.03
Uttar Pradesh,Northern,2019,5,May,May-2019,14311.35
Uttar Pradesh,Northern,2019,6,Jun,Jun-2019,13370.39
Uttar Pradesh,Northern,2019,7,Jul,Jul-2019,11240.84
Uttar Pradesh,Northern,2019,8,Aug,Aug-2019,10964.57
Uttar Pradesh,Northern,2019,9,Sep,Sep-2019,10067.89
Uttar Pradesh,Northern,2019,10,Oct,Oct-2019,10007.34
Uttar Pradesh,Northern,2019,11,Nov,Nov-2019,9821.73
Uttar Pradesh,Northern,2019,12,Dec,Dec-2019,10271.16
Uttar Pradesh,Northern,2020,1,Jan,Jan-2020,10231.61
Uttar Pradesh,Northern,2020,2,Feb,Feb-2020,10239.32
Uttar Pradesh,Northern,2020,3,Mar,Mar-2020,9705.98
Uttar Pradesh,Northern,2020,4,Apr,Apr-2020,8584.92
Uttar Pradesh,Northern,2020,5,May,May-2020,9751.14
Uttar Pradesh,Northern,2020,6,Jun,Jun-2020,11337.93
Uttar Pradesh,Northern,2020,7,Jul,Jul-2020,9891.59
Uttar Pradesh,Northern,2020,8,Aug,Aug-2020,9947.35
Uttar Pradesh,Northern,2020,9,Sep,Sep-2020,10198.08
Uttar Pradesh,Northern,2020,10,Oct,Oct-2020,9991.67
Uttar Pradesh,Northern,2020,11,Nov,Nov-2020,10465.46
Uttar Pradesh,Northern,2020,12,Dec,Dec-2020,10789.0
Uttarakhand,Northern,2019,1,Jan,Jan-2019,1045.94
Uttarakhand,Northern,2019,2,Feb,Feb-2019,1062.66
Uttarakhand,Northern,2019,3,Mar,Mar-2019,1086.2
Uttarakhand,Northern,2019,4,Apr,Apr-2019,1307.1
Uttarakhand,Northern,2019,5,May,May-2019,1378.71
Uttarakhand,Northern,2019,6,Jun,Jun-2019,1375.98
Uttarakhand,Northern,2019,7,Jul,Jul-2019,1131.76
Uttarakhand,Northern,2019,8,Aug,Aug-2019,1091.36
Uttarakhand,Northern,2019,9,Sep,Sep-2019,1073.8
Uttarakhand,Northern,2019,10,Oct,Oct-2019,1075.87
Uttarakhand,Northern,2019,11,Nov,Nov-2019,1094.16
Uttarakhand,Northern,2019,12,Dec,Dec-2019,1096.65
Uttarakhand,Northern,2020,1,Jan,Jan-2020,1127.79
Uttarakhand,Northern,2020,2,Feb,Feb-2020,1103.45
Uttarakhand,Northern,2020,3,Mar,Mar-2020,1009.8
Uttarakhand,Northern,2020,4,Apr,Apr-2020,834.36
Uttarakhand,Northern,2020,5,May,May-2020,1007.6
Uttarakhand,Northern,2020,6,Jun,Jun-2020,1100.4
Uttarakhand,Northern,2020,7,Jul,Jul-2020,1051.06
Uttarakhand,Northern,2020,8,Aug,Aug-2020,1049.42
Uttarakhand,Northern,2020,9,Sep,Sep-2020,1082.91
Uttarakhand,Northern,2020,10,Oct,Oct-2020,1041.17
Uttarakhand,Northern,2020,11,Nov,Nov-2020,1120.27
Uttarakhand,Northern,2020,12,Dec,Dec-2020,1108.41
Andhra Pradesh,Southern,2019,1,Jan,Jan-2019,6376.96
Andhra Pradesh,Southern,2019,2,Feb,Feb-2019,6509.61
Andhra Pradesh,Southern,2019,3,Mar,Mar-2019,7050.22
Andhra Pradesh,Southern,2019,4,Apr,Apr-2019,8897.42
Andhra Pradesh,Southern,2019,5,May,May-2019,9777.96
Andhra Pradesh,Southern,2019,6,Jun,Jun-2019,9524.34
Andhra Pradesh,Southern,2019,7,Jul,Jul-2019,7422.3
Andhra Pradesh,Southern,2019,8,Aug,Aug-2019,7260.42
Andhra Pradesh,Southern,2019,9,Sep,Sep-2019,7173.44
Andhra Pradesh,Southern,2019,10,Oct,Oct-2019,7033.64
Andhra Pradesh,Southern,2019,11,Nov,Nov-2019,6595.85
Andhra Pradesh,Southern,2019,12,Dec,Dec-2019,6524.04
Andhra Pradesh,Southern,2020,1,Jan,Jan-2020,6600.4
Andhra Pradesh,Southern,2020,2,Feb,Feb-2020,6543.0
Andhra Pradesh,Southern,2020,3,Mar,Mar-2020,6412.25
Andhra Pradesh,Southern,2020,4,Apr,Apr-2020,5741.83
Andhra Pradesh,Southern,2020,5,May,May-2020,6572.56
Andhra Pradesh,Southern,2020,6,Jun,Jun-2020,7466.93
Andhra Pradesh,Southern,2020,7,Jul,Jul-2020,6965.2
Andhra Pradesh,Southern,2020,8,Aug,Aug-2020,7043.76
Andhra Pradesh,Southern,2020,9,Sep,Sep-2020,6840.87
Andhra Pradesh,Southern,2020,10,Oct,Oct-2020,7028.73
Andhra Pradesh,Southern,2020,11,Nov,Nov-2020,6815.21
Andhra Pradesh,Southern,2020,12,Dec,Dec-2020,7046.08
Karnataka,Southern,2019,1,Jan,Jan-2019,6911.89
Karnataka,Southern,2019,2,Feb,Feb-2019,6758.6
Karnataka,Southern,2019,3,Mar,Mar-2019,8000.1
Karnataka,Southern,2019,4,Apr,Apr-2019,9550.55
Karnataka,Southern,2019,5,May,May-2019,10173.03
Karnataka,Southern,2019,6,Jun,Jun-2019,9860.24
Karnataka,Southern,2019,7,Jul,Jul-2019,8270.03
Karnataka,Southern,2019,8,Aug,Aug-2019,8173.5
Karnataka,Southern,2019,9,Sep,Sep-2019,7546.06
Karnataka,Southern,2019,10,Oct,Oct-2019,7598.87
Karnataka,Southern,2019,11,Nov,Nov-2019,6941.49
Karnataka,Southern,2019,12,Dec,Dec-2019,7245.94
Karnataka,Southern,2020,1,Jan,Jan-2020,7424.44
Karnataka,Southern,2020,2,Feb,Feb-2020,7034.74
Karnataka,Southern,2020,3,Mar,Mar-2020,6883.43
Karnataka,Southern,2020,4,Apr,Apr-2020,5723.67
Karnataka,Southern,2020,5,May,May-2020,7075.92
Karnataka,Southern,2020,6,Jun,Jun-2020,7792.72
Karnataka,Southern,2020,7,Jul,Jul-2020,7578.94
Karnataka,Southern,2020,8,Aug,Aug-2020,7685.18
Karnataka,Southern,2020,9,Sep,Sep-2020,7504.29
Karnataka,Southern,2020,10,Oct,Oct-2020,7589.28
Karnataka,Southern,2020,11,Nov,Nov-2020,7067.95
Karnataka,Southern,2020,12,Dec,Dec-2020,7348.87
Kerala,Southern,2019,1,Jan,Jan-2019,3047.22
Kerala,Southern,2019,2,Feb,Feb-2019,2975.26
Kerala,Southern,2019,3,Mar,Mar-2019,3148.67
Kerala,Southern,2019,4,Apr,Apr-2019,3770.15
Kerala,Southern,2019,5,May,May-2019,4057.65
Kerala,Southern,2019,6,Jun,Jun-2019,3949.26
Kerala,Southern,2019,7,Jul,Jul-2019,3380.79
Kerala,Southern,2019,8,Aug,Aug-2019,3246.88
Kerala,Southern,2019,9,Sep,Sep-2019,3112.33
Kerala,Southern,2019,10,Oct,Oct-2019,3026.48
Kerala,Southern,2019,11,Nov,Nov-2019,3048.18
Kerala,Southern,2019,12,Dec,Dec-2019,3120.44
Kerala,Southern,2020,1,Jan,Jan-2020,3105.05
Kerala,Southern,2020,2,Feb,Feb-2020,2999.89
Kerala,Southern,2020,3,Mar,Mar-2020,2876.1
Kerala,Southern,2020,4,Apr,Apr-2020,2421.7
Kerala,Southern,2020,5,May,May-2020,2870.08
Kerala,Southern,2020,6,Jun,Jun-2020,3040.18
Kerala,Southern,2020,7,Jul,Jul-2020,2988.58
Kerala,Southern,2020,8,Aug,Aug-2020,3138.52
Kerala,Southern,2020,9,Sep,Sep-2020,3033.63
Kerala,Southern,2020,10,Oct,Oct-2020,3129.6
Kerala,Southern,2020,11,Nov,Nov-2020,3047.59
Kerala,Southern,2020,12,Dec,Dec-2020,3113.37
Tamil Nadu,Southern,2019,1,Jan,Jan-2019,9621.02
Tamil Nadu,Southern,2019,2,Feb,Feb-2019,8995.77
Tamil Nadu,Southern,2019,3,Mar,Mar-2019,10068.25
Tamil Nadu,Southern,2019,4,Apr,Apr-2019,12417.1
Tamil Nadu,Southern,2019,5,May,May-2019,13272.95
Tamil Nadu,Southern,2019,6,Jun,Jun-2019,12646.21
Tamil Nadu,Southern,2019,7,Jul,Jul-2019,10424.3
Tamil Nadu,Southern,2019,8,Aug,Aug-2019,10200.9
Tamil Nadu,Southern,2019,9,Sep,Sep-2019,9728.14
Tamil Nadu,Southern,2019,10,Oct,Oct-2019,9742.99
Tamil Nadu,Southern,2019,11,Nov,Nov-2019,9588.86
Tamil Nadu,Southern,2019,12,Dec,Dec-2019,9526.81
Tamil Nadu,Southern,2020,1,Jan,Jan-2020,9671.35
Tamil Nadu,Southern,2020,2,Feb,Feb-2020,9568.16
Tamil Nadu,Southern,2020,3,Mar,Mar-2020,9367.82
Tamil Nadu,Southern,2020,4,Apr,Apr-2020,7595.77
Tamil Nadu,Southern,2020,5,May,May-2020,8702.16
Tamil Nadu,Southern,2020,6,Jun,Jun-2020,9940.99
Tamil Nadu,Southern,2020,7,Jul,Jul-2020,9467.82
Tamil Nadu,Southern,2020,8,Aug,Aug-2020,9695.58
Tamil Nadu,Southern,2020,9,Sep,Sep-2020,9858.88
Tamil Nadu,Southern,2020,10,Oct,Oct-2020,9699.65
Tamil Nadu,Southern,2020,11,Nov,Nov-2020,9395.9
Tamil Nadu,Southern,2020,12,Dec,Dec-2020,9914.94
Telangana,Southern,2019,1,Jan,Jan-2019,6227.33
Telangana,Southern,2019,2,Feb,Feb-2019,5937.89
Telangana,Southern,2019,3,Mar,Mar-2019,6936.05
Telangana,Southern,2019,4,Apr,Apr-2019,8448.84
Telangana,Southern,2019,5,May,May-2019,9539.52
Telangana,Southern,2019,6,Jun,Jun-2019,8700.37
Telangana,Southern,2019,7,Jul,Jul-2019,7287.19
Telangana,Southern,2019,8,Aug,Aug-2019,7103.57
Telangana,Southern,2019,9,Sep,Sep-2019,6855.75
Telangana,Southern,2019,10,Oct,Oct-2019,6577.07
Telangana,Southern,2019,11,Nov,Nov-2019,6391.46
Telangana,Southern,2019,12,Dec,Dec-2019,6407.97
Telangana,Southern,2020,1,Jan,Jan-2020,6588.11
Telangana,Southern,2020,2,Feb,Feb-2020,6199.79
Telangana,Southern,2020,3,Mar,Mar-2020,6180.65
Telangana,Southern,2020,4,Apr,Apr-2020,5338.6
Telangana,Southern,2020,5,May,May-2020,6479.25
Telangana,Southern,2020,6,Jun,Jun-2020,7066.3
Telangana,Southern,2020,7,Jul,Jul-2020,6431.02
Telangana,Southern,2020,8,Aug,Aug-2020,6658.16
Telangana,Southern,2020,9,Sep,Sep-2020,6476.87
Telangana,Southern,2020,10,Oct,Oct-2020,6372.45
Telangana,Southern,2020,11,Nov,Nov-2020,6400.08
Telangana,Southern,2020,12,Dec,Dec-2020,6587.49
Bihar,Eastern,2019,1,Jan,Jan-2019,2410.11
Bihar,Eastern,2019,2,Feb,Feb-2019,2377.11
Bihar,Eastern,2019,3,Mar,Mar-2019,2579.16
Bihar,Eastern,2019,4,Apr,Apr-2019,3170.05
Bihar,Eastern,2019,5,May,May-2019,3407.18
Bihar,Eastern,2019,6,Jun,Jun-2019,3325.65
Bihar,Eastern,2019,7,Jul,Jul-2019,2696.73
Bihar,Eastern,2019,8,Aug,Aug-2019,2723.42
Bihar,Eastern,2019,9,Sep,Sep-2019,2611.65
Bihar,Eastern,2019,10,Oct,Oct-2019,2467.17
Bihar,Eastern,2019,11,Nov,Nov-2019,2450.53
Bihar,Eastern,2019,12,Dec,Dec-2019,2507.98
Bihar,Eastern,2020,1,Jan,Jan-2020,2605.66
Bihar,Eastern,2020,2,Feb,Feb-2020,2519.66
Bihar,Eastern,2020,3,Mar,Mar-2020,2421.02
Bihar,Eastern,2020,4,Apr,Apr-2020,2048.04
Bihar,Eastern,2020,5,May,May-2020,2428.1
Bihar,Eastern,2020,6,Jun,Jun-2020,2624.3
Bihar,Eastern,2020,7,Jul,Jul-2020,2531.66
Bihar,Eastern,2020,8,Aug,Aug-2020,2492.58
Bihar,Eastern,2020,9,Sep,Sep-2020,2549.06
Bihar,Eastern,2020,10,Oct,Oct-2020,2548.98
Bihar,Eastern,2020,11,Nov,Nov-2020,2471.6
Bihar,Eastern,2020,12,Dec,Dec-2020,2625.66
Jharkhand,Eastern,2019,1,Jan,Jan-2019,1941.62
Jharkhand,Eastern,2019,2,Feb,Feb-2019,1973.06
Jharkhand,Eastern,2019,3,Mar,Mar-2019,2047.65
Jharkhand,Eastern,2019,4,Apr,Apr-2019,2594.53
Jharkhand,Eastern,2019,5,May,May-2019,2650.06
Jharkhand,Eastern,2019,6,Jun,Jun-2019,2667.6
Jharkhand,Eastern,2019,7,Jul,Jul-2019,2244.81
Jharkhand,Eastern,2019,8,Aug,Aug-2019,2154.04
Jharkhand,Eastern,2019,9,Sep,Sep-2019,2092.9
Jharkhand,Eastern,2019,10,Oct,Oct-2019,2030.33
Jharkhand,Eastern,2019,11,Nov,Nov-2019,2065.42
Jharkhand,Eastern,2019,12,Dec,Dec-2019,2003.13
Jharkhand,Eastern,2020,1,Jan,Jan-2020,2084.74
Jharkhand,Eastern,2020,2,Feb,Feb-2020,1979.18
Jharkhand,Eastern,2020,3,Mar,Mar-2020,1925.82
Jharkhand,Eastern,2020,4,Apr,Apr-2020,1552.16
Jharkhand,Eastern,2020,5,May,May-2020,1881.63
Jharkhand,Eastern,2020,6,Jun,Jun-2020,2089.31
Jharkhand,Eastern,2020,7,Jul,Jul-2020,2004.01
Jharkhand,Eastern,2020,8,Aug,Aug-2020,2047.26
Jharkhand,Eastern,2020,9,Sep,Sep-2020,2064.03
Jharkhand,Eastern,2020,10,Oct,Oct-2020,2049.46
Jharkhand,Eastern,2020,11,Nov,Nov-2020,2051.09
Jharkhand,Eastern,2020,12,Dec,Dec-2020,2131.28
Odisha,Eastern,2019,1,Jan,Jan-2019,3640.25
Odisha,Eastern,2019,2,Feb,Feb-2019,3392.1
Odisha,Eastern,2019,3,Mar,Mar-2019,3712.7
Odisha,Eastern,2019,4,Apr,Apr-2019,4524.28
Odisha,Eastern,2019,5,May,May-2019,5017.48
Odisha,Eastern,2019,6,Jun,Jun-2019,4740.04
Odisha,Eastern,2019,7,Jul,Jul-2019,4055.67
Odisha,Eastern,2019,8,Aug,Aug-2019,3915.82
Odisha,Eastern,2019,9,Sep,Sep-2019,3686.83
Odisha,Eastern,2019,10,Oct,Oct-2019,3696.29
Odisha,Eastern,2019,11,Nov,Nov-2019,3643.51
Odisha,Eastern,2019,12,Dec,Dec-2019,3575.66
Odisha,Eastern,2020,1,Jan,Jan-2020,3667.35
Odisha,Eastern,2020,2,Feb,Feb-2020,3576.82
Odisha,Eastern,2020,3,Mar,Mar-2020,3384.94
Odisha,Eastern,2020,4,Apr,Apr-2020,2825.79
Odisha,Eastern,2020,5,May,May-2020,3511.94
Odisha,Eastern,2020,6,Jun,Jun-2020,3791.72
Odisha,Eastern,2020,7,Jul,Jul-2020,3603.33
Odisha,Eastern,2020,8,Aug,Aug-2020,3747.24
Odisha,Eastern,2020,9,Sep,Sep-2020,3686.43
Odisha,Eastern,2020,10,Oct,Oct-2020,3737.31
Odisha,Eastern,2020,11,Nov,Nov-2020,3719.95
Odisha,Eastern,2020,12,Dec,Dec-2020,3773.18
West Bengal,Eastern,2019,1,Jan,Jan-2019,5797.57
West Bengal,Eastern,2019,2,Feb,Feb-2019,5880.75
West Bengal,Eastern,2019,3,Mar,Mar-2019,6281.01
West Bengal,Eastern,2019,4,Apr,Apr-2019,7845.18
West Bengal,Eastern,2019,5,May,May-2019,7996.66
West Bengal,Eastern,2019,6,Jun,Jun-2019,8007.95
West Bengal,Eastern,2019,7,Jul,Jul-2019,6563.54
West Bengal,Eastern,2019,8,Aug,Aug-2019,6180.54
West Bengal,Eastern,2019,9,Sep,Sep-2019,6108.18
West Bengal,Eastern,2019,10,Oct,Oct-2019,5955.77
West Bengal,Eastern,2019,11,Nov,Nov-2019,5731.61
West Bengal,Eastern,2019,12,Dec,Dec-2019,5951.51
West Bengal,Eastern,2020,1,Jan,Jan-2020,6205.04
West Bengal,Eastern,2020,2,Feb,Feb-2020,5880.8
West Bengal,Eastern,2020,3,Mar,Mar-2020,5609.15
West Bengal,Eastern,2020,4,Apr,Apr-2020,4676.51
West Bengal,Eastern,2020,5,May,May-2020,5514.22
West Bengal,Eastern,2020,6,Jun,Jun-2020,6387.07
West Bengal,Eastern,2020,7,Jul,Jul-2020,6003.94
West Bengal,Eastern,2020,8,Aug,Aug-2020,5879.6
West Bengal,Eastern,2020,9,Sep,Sep-2020,6167.92
West Bengal,Eastern,2020,10,Oct,Oct-2020,6073.64
West Bengal,Eastern,2020,11,Nov,Nov-2020,5941.43
West Bengal,Eastern,2020,12,Dec,Dec-2020,6344.22
Chhattisgarh,Western,2019,1,Jan,Jan-2019,2943.47
Chhattisgarh,Western,2019,2,Feb,Feb-2019,3037.44
Chhattisgarh,Western,2019,3,Mar,Mar-2019,3231.81
Chhattisgarh,Western,2019,4,Apr,Apr-2019,3941.75
Chhattisgarh,Western,2019,5,May,May-2019,4082.74
Chhattisgarh,Western,2019,6,Jun,Jun-2019,4106.75
Chhattisgarh,Western,2019,7,Jul,Jul-2019,3265.05
Chhattisgarh,Western,2019,8,Aug,Aug-2019,3213.24
Chhattisgarh,Western,2019,9,Sep,Sep-2019,3068.83
Chhattisgarh,Western,2019,10,Oct,Oct-2019,3090.48
Chhattisgarh,Western,2019,11,Nov,Nov-2019,2992.24
Chhattisgarh,Western,2019,12,Dec,Dec-2019,3156.08
Chhattisgarh,Western,2020,1,Jan,Jan-2020,3170.72
Chhattisgarh,Western,2020,2,Feb,Feb-2020,2987.46
Chhattisgarh,Western,2020,3,Mar,Mar-2020,2823.9
Chhattisgarh,Western,2020,4,Apr,Apr-2020,2365.59
Chhattisgarh,Western,2020,5,May,May-2020,2900.33
Chhattisgarh,Western,2020,6,Jun,Jun-2020,3262.95
Chhattisgarh,Western,2020,7,Jul,Jul-2020,3007.84
Chhattisgarh,Western,2020,8,Aug,Aug-2020,3177.93
Chhattisgarh,Western,2020,9,Sep,Sep-2020,3012.31
Chhattisgarh,Western,2020,10,Oct,Oct-2020,3122.33
Chhattisgarh,Western,2020,11,Nov,Nov-2020,3187.87
Chhattisgarh,Western,2020,12,Dec,Dec-2020,3261.96
Goa,Western,2019,1,Jan,Jan-2019,390.99
Goa,Western,2019,2,Feb,Feb-2019,385.67
Goa,Western,2019,3,Mar,Mar-2019,408.41
Goa,Western,2019,4,Apr,Apr-2019,496.63
Goa,Western,2019,5,May,May-2019,529.61
Goa,Western,2019,6,Jun,Jun-2019,519.37
Goa,Western,2019,7,Jul,Jul-2019,447.49
Goa,Western,2019,8,Aug,Aug-2019,431.74
Goa,Western,2019,9,Sep,Sep-2019,420.27
Goa,Western,2019,10,Oct,Oct-2019,390.75
Goa,Western,2019,11,Nov,Nov-2019,396.1
Goa,Western,2019,12,Dec,Dec-2019,387.53
Goa,Western,2020,1,Jan,Jan-2020,397.09
Goa,Western,2020,2,Feb,Feb-2020,398.84
Goa,Western,2020,3,Mar,Mar-2020,390.82
Goa,Western,2020,4,Apr,Apr-2020,308.72
Goa,Western,2020,5,May,May-2020,356.05
Goa,Western,2020,6,Jun,Jun-2020,412.96
Goa,Western,2020,7,Jul,Jul-2020,387.91
Goa,Western,2020,8,Aug,Aug-2020,416.49
Goa,Western,2020,9,Sep,Sep-2020,410.39
Goa,Western,2020,10,Oct,Oct-2020,394.15
Goa,Western,2020,11,Nov,Nov-2020,388.3
Goa,Western,2020,12,Dec,Dec-2020,403.57
Gujarat,Western,2019,1,Jan,Jan-2019,9606.95
Gujarat,Western,2019,2,Feb,Feb-2019,9112.29
Gujarat,Western,2019,3,Mar,Mar-2019,10170.45
Gujarat,Western,2019,4,Apr,Apr-2019,12703.12
Gujarat,Western,2019,5,May,May-2019,13558.65
Gujarat,Western,2019,6,Jun,Jun-2019,12662.03
Gujarat,Western,2019,7,Jul,Jul-2019,10781.0
Gujarat,Western,2019,8,Aug,Aug-2019,10078.42
Gujarat,Western,2019,9,Sep,Sep-2019,9845.87
Gujarat,Western,2019,10,Oct,Oct-2019,9613.87
Gujarat,Western,2019,11,Nov,Nov-2019,9524.02
Gujarat,Western,2019,12,Dec,Dec-2019,9793.22
Gujarat,Western,2020,1,Jan,Jan-2020,9524.95
Gujarat,Western,2020,2,Feb,Feb-2020,9523.44
Gujarat,Western,2020,3,Mar,Mar-2020,8893.03
Gujarat,Western,2020,4,Apr,Apr-2020,7230.84
Gujarat,Western,2020,5,May,May-2020,8555.27
Gujarat,Western,2020,6,Jun,Jun-2020,9762.11
Gujarat,Western,2020,7,Jul,Jul-2020,9266.7
Gujarat,Western,2020,8,Aug,Aug-2020,9512.3
Gujarat,Western,2020,9,Sep,Sep-2020,9567.55
Gujarat,Western,2020,10,Oct,Oct-2020,9612.16
Gujarat,Western,2020,11,Nov,Nov-2020,9681.41
Gujarat,Western,2020,12,Dec,Dec-2020,9889.12
Madhya Pradesh,Western,2019,1,Jan,Jan-2019,6785.38
Madhya Pradesh,Western,2019,2,Feb,Feb-2019,6561.32
Madhya Pradesh,Western,2019,3,Mar,Mar-2019,7238.15
Madhya Pradesh,Western,2019,4,Apr,Apr-2019,8972.41
Madhya Pradesh,Western,2019,5,May,May-2019,9449.43
Madhya Pradesh,Western,2019,6,Jun,Jun-2019,9269.39
Madhya Pradesh,Western,2019,7,Jul,Jul-2019,7548.27
Madhya Pradesh,Western,2019,8,Aug,Aug-2019,7223.09
Madhya Pradesh,Western,2019,9,Sep,Sep-2019,7086.68
Madhya Pradesh,Western,2019,10,Oct,Oct-2019,6866.99
Madhya Pradesh,Western,2019,11,Nov,Nov-2019,6980.47
Madhya Pradesh,Western,2019,12,Dec,Dec-2019,7032.92
Madhya Pradesh,Western,2020,1,Jan,Jan-2020,7174.3
Madhya Pradesh,Western,2020,2,Feb,Feb-2020,6878.03
Madhya Pradesh,Western,2020,3,Mar,Mar-2020,6679.34
Madhya Pradesh,Western,2020,4,Apr,Apr-2020,5734.05
Madhya Pradesh,Western,2020,5,May,May-2020,6729.75
Madhya Pradesh,Western,2020,6,Jun,Jun-2020,7542.04
Madhya Pradesh,Western,2020,7,Jul,Jul-2020,6836.76
Madhya Pradesh,Western,2020,8,Aug,Aug-2020,7021.13
Madhya Pradesh,Western,2020,9,Sep,Sep-2020,7069.02
Madhya Pradesh,Western,2020,10,Oct,Oct-2020,7064.99
Madhya Pradesh,Western,2020,11,Nov,Nov-2020,7214.85
Madhya Pradesh,Western,2020,12,Dec,Dec-2020,7265.41
Maharashtra,Western,2019,1,Jan,Jan-2019,12154.17
Maharashtra,Western,2019,2,Feb,Feb-2019,12089.17
Maharashtra,Western,2019,3,Mar,Mar-2019,12855.27
Maharashtra,Western,2019,4,Apr,Apr-2019,16488.76
Maharashtra,Western,2019,5,May,May-2019,17309.91
Maharashtra,Western,2019,6,Jun,Jun-2019,16212.02
Maharashtra,Western,2019,7,Jul,Jul-2019,13299.52
Maharashtra,Western,2019,8,Aug,Aug-2019,13532.09
Maharashtra,Western,2019,9,Sep,Sep-2019,12400.28
Maharashtra,Western,2019,10,Oct,Oct-2019,12187.43
Maharashtra,Western,2019,11,Nov,Nov-2019,12149.22
Maharashtra,Western,2019,12,Dec,Dec-2019,12159.94
Maharashtra,Western,2020,1,Jan,Jan-2020,12508.01
Maharashtra,Western,2020,2,Feb,Feb-2020,12554.46
Maharashtra,Western,2020,3,Mar,Mar-2020,11257.73
Maharashtra,Western,2020,4,Apr,Apr-2020,9341.01
Maharashtra,Western,2020,5,May,May-2020,11352.43
Maharashtra,Western,2020,6,Jun,Jun-2020,12628.98
Maharashtra,Western,2020,7,Jul,Jul-2020,11922.11
Maharashtra,Western,2020,8,Aug,Aug-2020,12566.07
Maharashtra,Western,2020,9,Sep,Sep-2020,12193.82
Maharashtra,Western,2020,10,Oct,Oct-2020,12304.88
Maharashtra,Western,2020,11,Nov,Nov-2020,12823.13
Maharashtra,Western,2020,12,Dec,Dec-2020,13308.45
Arunachal Pradesh,Northeastern,2019,1,Jan,Jan-2019,127.02
Arunachal Pradesh,Northeastern,2019,2,Feb,Feb-2019,120.88
Arunachal Pradesh,Northeastern,2019,3,Mar,Mar-2019,131.46
Arunachal Pradesh,Northeastern,2019,4,Apr,Apr-2019,151.08
Arunachal Pradesh,Northeastern,2019,5,May,May-2019,158.82
Arunachal Pradesh,Northeastern,2019,6,Jun,Jun-2019,154.53
Arunachal Pradesh,Northeastern,2019,7,Jul,Jul-2019,132.49
Arunachal Pradesh,Northeastern,2019,8,Aug,Aug-2019,130.29
Arunachal Pradesh,Northeastern,2019,9,Sep,Sep-2019,127.59
Arunachal Pradesh,Northeastern,2019,10,Oct,Oct-2019,121.01
Arunachal Pradesh,Northeastern,2019,11,Nov,Nov-2019,123.81
Arunachal Pradesh,Northeastern,2019,12,Dec,Dec-2019,130.28
Arunachal Pradesh,Northeastern,2020,1,Jan,Jan-2020,134.05
Arunachal Pradesh,Northeastern,2020,2,Feb,Feb-2020,127.83
Arunachal Pradesh,Northeastern,2020,3,Mar,Mar-2020,122.46
Arunachal Pradesh,Northeastern,2020,4,Apr,Apr-2020,102.29
Arunachal Pradesh,Northeastern,2020,5,May,May-2020,113.47
Arunachal Pradesh,Northeastern,2020,6,Jun,Jun-2020,125.91
Arunachal Pradesh,Northeastern,2020,7,Jul,Jul-2020,125.21
Arunachal Pradesh,Northeastern,2020,8,Aug,Aug-2020,124.45
Arunachal Pradesh,Northeastern,2020,9,Sep,Sep-2020,128.38
Arunachal Pradesh,Northeastern,2020,10,Oct,Oct-2020,124.52
Arunachal Pradesh,Northeastern,2020,11,Nov,Nov-2020,128.91
Arunachal Pradesh,Northeastern,2020,12,Dec,Dec-2020,130.27
Assam,Northeastern,2019,1,Jan,Jan-2019,1022.4
Assam,Northeastern,2019,2,Feb,Feb-2019,1044.61
Assam,Northeastern,2019,3,Mar,Mar-2019,1069.95
Assam,Northeastern,2019,4,Apr,Apr-2019,1284.99
Assam,Northeastern,2019,5,May,May-2019,1381.74
Assam,Northeastern,2019,6,Jun,Jun-2019,1340.11
Assam,Northeastern,2019,7,Jul,Jul-2019,1160.99
Assam,Northeastern,2019,8,Aug,Aug-2019,1121.55
Assam,Northeastern,2019,9,Sep,Sep-2019,1051.1
Assam,Northeastern,2019,10,Oct,Oct-2019,1028.93
Assam,Northeastern,2019,11,Nov,Nov-2019,1075.41
Assam,Northeastern,2019,12,Dec,Dec-2019,1073.81
Assam,Northeastern,2020,1,Jan,Jan-2020,1095.86
Assam,Northeastern,2020,2,Feb,Feb-2020,1073.38
Assam,Northeastern,2020,3,Mar,Mar-2020,1024.57
Assam,Northeastern,2020,4,Apr,Apr-2020,821.31
Assam,Northeastern,2020,5,May,May-2020,983.48
Assam,Northeastern,2020,6,Jun,Jun-2020,1092.41
Assam,Northeastern,2020,7,Jul,Jul-2020,1048.82
Assam,Northeastern,2020,8,Aug,Aug-2020,1097.83
Assam,Northeastern,2020,9,Sep,Sep-2020,1066.0
Assam,Northeastern,2020,10,Oct,Oct-2020,1073.25
Assam,Northeastern,2020,11,Nov,Nov-2020,1098.71
Assam,Northeastern,2020,12,Dec,Dec-2020,1110.07
Manipur,Northeastern,2019,1,Jan,Jan-2019,126.95
Manipur,Northeastern,2019,2,Feb,Feb-2019,121.85
Manipur,Northeastern,2019,3,Mar,Mar-2019,132.73
Manipur,Northeastern,2019,4,Apr,Apr-2019,149.98
Manipur,Northeastern,2019,5,May,May-2019,162.23
Manipur,Northeastern,2019,6,Jun,Jun-2019,155.77
Manipur,Northeastern,2019,7,Jul,Jul-2019,133.26
Manipur,Northeastern,2019,8,Aug,Aug-2019,131.79
Manipur,Northeastern,2019,9,Sep,Sep-2019,130.59
Manipur,Northeastern,2019,10,Oct,Oct-2019,124.47
Manipur,Northeastern,2019,11,Nov,Nov-2019,122.83
Manipur,Northeastern,2019,12,Dec,Dec-2019,125.38
Manipur,Northeastern,2020,1,Jan,Jan-2020,126.72
Manipur,Northeastern,2020,2,Feb,Feb-2020,122.7
Manipur,Northeastern,2020,3,Mar,Mar-2020,123.1
Manipur,Northeastern,2020,4,Apr,Apr-2020,100.51
Manipur,Northeastern,2020,5,May,May-2020,116.3
Manipur,Northeastern,2020,6,Jun,Jun-2020,128.91
Manipur,Northeastern,2020,7,Jul,Jul-2020,122.29
Manipur,Northeastern,2020,8,Aug,Aug-2020,125.97
Manipur,Northeastern,2020,9,Sep,Sep-2020,127.99
Manipur,Northeastern,2020,10,Oct,Oct-2020,126.02
Manipur,Northeastern,2020,11,Nov,Nov-2020,131.73
Manipur,Northeastern,2020,12,Dec,Dec-2020,132.87
Meghalaya,Northeastern,2019,1,Jan,Jan-2019,192.02
Meghalaya,Northeastern,2019,2,Feb,Feb-2019,191.05
Meghalaya,Northeastern,2019,3,Mar,Mar-2019,204.84
Meghalaya,Northeastern,2019,4,Apr,Apr-2019,236.04
Meghalaya,Northeastern,2019,5,May,May-2019,256.54
Meghalaya,Northeastern,2019,6,Jun,Jun-2019,243.25
Meghalaya,Northeastern,2019,7,Jul,Jul-2019,214.62
Meghalaya,Northeastern,2019,8,Aug,Aug-2019,199.28
Meghalaya,Northeastern,2019,9,Sep,Sep-2019,198.73
Meghalaya,Northeastern,2019,10,Oct,Oct-2019,189.32
Meghalaya,Northeastern,2019,11,Nov,Nov-2019,194.99
Meghalaya,Northeastern,2019,12,Dec,Dec-2019,198.28
Meghalaya,Northeastern,2020,1,Jan,Jan-2020,206.0
Meghalaya,Northeastern,2020,2,Feb,Feb-2020,201.7
Meghalaya,Northeastern,2020,3,Mar,Mar-2020,181.56
Meghalaya,Northeastern,2020,4,Apr,Apr-2020,154.48
Meghalaya,Northeastern,2020,5,May,May-2020,181.2
Meghalaya,Northeastern,2020,6,Jun,Jun-2020,193.71
Meghalaya,Northeastern,2020,7,Jul,Jul-2020,188.73
Meghalaya,Northeastern,2020,8,Aug,Aug-2020,190.51
Meghalaya,Northeastern,2020,9,Sep,Sep-2020,197.46
Meghalaya,Northeastern,2020,10,Oct,Oct-2020,192.04
Meghalaya,Northeastern,2020,11,Nov,Nov-2020,204.35
Meghalaya,Northeastern,2020,12,Dec,Dec-2020,204.28
Mizoram,Northeastern,2019,1,Jan,Jan-2019,89.01
Mizoram,Northeastern,2019,2,Feb,Feb-2019,84.2
Mizoram,Northeastern,2019,3,Mar,Mar-2019,91.59
Mizoram,Northeastern,2019,4,Apr,Apr-2019,100.75
Mizoram,Northeastern,2019,5,May,May-2019,111.07
Mizoram,Northeastern,2019,6,Jun,Jun-2019,108.01
Mizoram,Northeastern,2019,7,Jul,Jul-2019,96.91
Mizoram,Northeastern,2019,8,Aug,Aug-2019,93.58
Mizoram,Northeastern,2019,9,Sep,Sep-2019,85.75
Mizoram,Northeastern,2019,10,Oct,Oct-2019,84.85
Mizoram,Northeastern,2019,11,Nov,Nov-2019,85.1
Mizoram,Northeastern,2019,12,Dec,Dec-2019,86.33
Mizoram,Northeastern,2020,1,Jan,Jan-2020,91.11
Mizoram,Northeastern,2020,2,Feb,Feb-2020,89.33
Mizoram,Northeastern,2020,3,Mar,Mar-2020,84.45
Mizoram,Northeastern,2020,4,Apr,Apr-2020,70.3
Mizoram,Northeastern,2020,5,May,May-2020,81.44
Mizoram,Northeastern,2020,6,Jun,Jun-2020,89.02
Mizoram,Northeastern,2020,7,Jul,Jul-2020,84.88
Mizoram,Northeastern,2020,8,Aug,Aug-2020,86.98
Mizoram,Northeastern,2020,9,Sep,Sep-2020,88.18
Mizoram,Northeastern,2020,10,Oct,Oct-2020,88.41
Mizoram,Northeastern,2020,11,Nov,Nov-2020,86.75
Mizoram,Northeastern,2020,12,Dec,Dec-2020,92.2
Nagaland,Northeastern,2019,1,Jan,Jan-2019,106.57
Nagaland,Northeastern,2019,2,Feb,Feb-2019,100.25
Nagaland,Northeastern,2019,3,Mar,Mar-2019,109.35
Nagaland,Northeastern,2019,4,Apr,Apr-2019,129.91
Nagaland,Northeastern,2019,5,May,May-2019,137.36
Nagaland,Northeastern,2019,6,Jun,Jun-2019,128.24
Nagaland,Northeastern,2019,7,Jul,Jul-2019,117.94
Nagaland,Northeastern,2019,8,Aug,Aug-2019,111.18
Nagaland,Northeastern,2019,9,Sep,Sep-2019,110.09
Nagaland,Northeastern,2019,10,Oct,Oct-2019,103.24
Nagaland,Northeastern,2019,11,Nov,Nov-2019,107.17
Nagaland,Northeastern,2019,12,Dec,Dec-2019,107.08
Nagaland,Northeastern,2020,1,Jan,Jan-2020,108.39
Nagaland,Northeastern,2020,2,Feb,Feb-2020,109.98
Nagaland,Northeastern,2020,3,Mar,Mar-2020,99.65
Nagaland,Northeastern,2020,4,Apr,Apr-2020,82.39
Nagaland,Northeastern,2020,5,May,May-2020,97.67
Nagaland,Northeastern,2020,6,Jun,Jun-2020,108.79
Nagaland,Northeastern,2020,7,Jul,Jul-2020,108.6
Nagaland,Northeastern,2020,8,Aug,Aug-2020,111.26
Nagaland,Northeastern,2020,9,Sep,Sep-2020,105.68
Nagaland,Northeastern,2020,10,Oct,Oct-2020,105.2
Nagaland,Northeastern,2020,11,Nov,Nov-2020,106.59
Nagaland,Northeastern,2020,12,Dec,Dec-2020,112.77
Sikkim,Northeastern,2019,1,Jan,Jan-2019,89.88
Sikkim,Northeastern,2019,2,Feb,Feb-2019,86.4
Sikkim,Northeastern,2019,3,Mar,Mar-2019,90.51
Sikkim,Northeastern,2019,4,Apr,Apr-2019,102.65
Sikkim,Northeastern,2019,5,May,May-2019,113.46
Sikkim,Northeastern,2019,6,Jun,Jun-2019,106.07
Sikkim,Northeastern,2019,7,Jul,Jul-2019,92.43
Sikkim,Northeastern,2019,8,Aug,Aug-2019,91.06
Sikkim,Northeastern,2019,9,Sep,Sep-2019,85.91
Sikkim,Northeastern,2019,10,Oct,Oct-2019,83.97
Sikkim,Northeastern,2019,11,Nov,Nov-2019,85.67
Sikkim,Northeastern,2019,12,Dec,Dec-2019,88.92
Sikkim,Northeastern,2020,1,Jan,Jan-2020,91.67
Sikkim,Northeastern,2020,2,Feb,Feb-2020,88.12
Sikkim,Northeastern,2020,3,Mar,Mar-2020,82.69
Sikkim,Northeastern,2020,4,Apr,Apr-2020,70.69
Sikkim,Northeastern,2020,5,May,May-2020,81.5
Sikkim,Northeastern,2020,6,Jun,Jun-2020,87.65
Sikkim,Northeastern,2020,7,Jul,Jul-2020,86.12
Sikkim,Northeastern,2020,8,Aug,Aug-2020,90.49
Sikkim,Northeastern,2020,9,Sep,Sep-2020,86.15
Sikkim,Northeastern,2020,10,Oct,Oct-2020,85.64
Sikkim,Northeastern,2020,11,Nov,Nov-2020,92.39
Sikkim,Northeastern,2020,12,Dec,Dec-2020,93.08
Tripura,Northeastern,2019,1,Jan,Jan-2019,269.19
Tripura,Northeastern,2019,2,Feb,Feb-2019,260.97
Tripura,Northeastern,2019,3,Mar,Mar-2019,282.58
Tripura,Northeastern,2019,4,Apr,Apr-2019,325.32
Tripura,Northeastern,2019,5,May,May-2019,347.33
Tripura,Northeastern,2019,6,Jun,Jun-2019,334.5
Tripura,Northeastern,2019,7,Jul,Jul-2019,287.92
Tripura,Northeastern,2019,8,Aug,Aug-2019,292.01
Tripura,Northeastern,2019,9,Sep,Sep-2019,270.83
Tripura,Northeastern,2019,10,Oct,Oct-2019,266.98
Tripura,Northeastern,2019,11,Nov,Nov-2019,272.91
Tripura,Northeastern,2019,12,Dec,Dec-2019,275.71
Tripura,Northeastern,2020,1,Jan,Jan-2020,275.45
Tripura,Northeastern,2020,2,Feb,Feb-2020,270.08
Tripura,Northeastern,2020,3,Mar,Mar-2020,265.09
Tripura,Northeastern,2020,4,Apr,Apr-2020,217.59
Tripura,Northeastern,2020,5,May,May-2020,257.1
Tripura,Northeastern,2020,6,Jun,Jun-2020,283.02
Tripura,Northeastern,2020,7,Jul,Jul-2020,274.99
Tripura,Northeastern,2020,8,Aug,Aug-2020,269.08
Tripura,Northeastern,2020,9,Sep,Sep-2020,272.93
Tripura,Northeastern,2020,10,Oct,Oct-2020,262.6
Tripura,Northeastern,2020,11,Nov,Nov-2020,276.51
Tripura,Northeastern,2020,12,Dec,Dec-2020,290.2
